resName,cd,count,attackScale,uiText,statements
string,float,int,float,string,string
Robot_M1,2,2,1.2,自动钉枪,快速射出60%伤害的钉子，第一下会射出6发。
Robot_M2,2,2,1.2,爆破筒,投出220% 晕眩伤害的炸药桶，接触后会变成5个能造成44% 晕眩伤害的小炸弹。
Robot_Shift,2,2,1.2,运输模式,向前冲刺，期间有额外护甲。可对撞到的敌人造成至少250%伤害，速度越快伤害越高。
Robot_R,2,2,1.2,更换工具,可切换Q键跟右键的能力
Engineer_M1,2,2,1.2,弹跳手雷,可充能并投出最多8颗100%伤害的手榴弹。
Engineer_M2,2,2,1.2,蜘蛛地雷,防止一枚可自动移动的地雷，造成300%伤害。
Engineer_Shift,2,2,1.2,泡泡护盾,开启一个持续15s的防护罩，可抵抗所有外面的攻击。
Engineer_R,2,2,1.2,T212高斯自动炮塔,放置最多2个可造成100%伤害的炮台，炮台可继承所以你身上的道具。
Loader_M1,2,2,1.2,悬臂连接,在周围的敌人中穿梭，造成320%伤害。
Loader_M2,2,2,1.2,格斗拳,向前发射铁手套，将你拉向目标。
Loader_Shift,2,2,1.2,充能铁手套,为穿透直拳充能，视充能情况造成600-2700%伤害。
Loader_R,2,2,1.2,M551电塔,扔出漂浮电塔，最多击杀6名敌人，造成100%伤害。
Merc_M1,2,2,1.2,激光长剑,前两下可砍出130%的伤害，第三下可砍出300%的伤害，可在冲刺时使用。
Merc_M2,2,2,1.2,旋风斩,快速转2下，对水平上的怪物造成2X200%伤害。在空中会变成翻2圈，对垂直上的怪物造成伤害。
Merc_Shift,2,2,1.2,盲目突击,往前冲一小段，对路径上的敌人造成200% 晕眩伤害，如果有撞到敌人，就可以再施展1次，最多3次。
Merc_R,2,2,1.2,去除内脏,往前冲一小段，对眼前最近的敌人反覆连砍(攻速决定砍的次数)，造成每下110%的伤害，期间不会受到任何伤害。
Treebot_M1,2,2,1.2,垃圾技能,垃圾技能
Treebot_M2,2,2,1.2,垃圾技能,垃圾技能
Treebot_Shift,2,2,1.2,垃圾技能,垃圾技能
Treebot_R,2,2,1.2,垃圾技能,垃圾技能
Elline_M1,0.5,2,1.2,火焰弹,"射出一个200%伤害的火球，可造成1层的点燃效果(可叠加点燃"" 伤害"")。点燃会造成每秒2x25%的伤害。"
Elline_M2,3,2,1.2,充能完毕的纳米炸弹,丢出一个400%-1200% 晕眩伤害的电球。并对路径上的敌人造人100%-220%的电击伤害。
Elline_Shift,2,2,1.2,快速冻结,制造可造成100% 冰冻伤害的冰墙，低于33%血量的小怪会直接被冰死。
Elline_R,2,2,1.2,离子浪涌,射出1700%伤害的火焰光束持续3s，期间可造成21层的点燃效果。在使用时需过1秒才会有伤害。
